Name,Points,100m,Long_Jump,Shot_Put,High_Jump,400m,110m_Hurdles,Discus,Pole_Vault,Javelin,1500m,Event_URL
John Sayre,8381,10.86,7.41,14.22,2.0,49.98,14.84,46.08,5.3,67.68,277.07,https://www.decathlon2000.com/4483/usa-championships-indianapolis-1985/
Michael Ramos,8156,10.69,7.35,14.21,2.03,50.08,14.9,44.74,4.9,64.76,287.94,https://www.decathlon2000.com/4483/usa-championships-indianapolis-1985/
Timothy Bright,8068,10.73,7.49,13.19,2.06,49.16,14.09,39.16,5.0,53.1,282.34,https://www.decathlon2000.com/4483/usa-championships-indianapolis-1985/
Dave Johnson,7911,10.77,7.07,14.19,2.0,48.92,14.65,44.78,4.0,63.12,276.11,https://www.decathlon2000.com/4483/usa-championships-indianapolis-1985/
Robert Muzzio,7905,11.14,6.91,15.24,2.0,49.76,14.75,47.08,4.5,57.32,276.57,https://www.decathlon2000.com/4483/usa-championships-indianapolis-1985/
Gary Kinder,7654,11.35,6.95,14.86,1.94,52.39,15.5,45.7,4.7,68.9,298.74,https://www.decathlon2000.com/4483/usa-championships-indianapolis-1985/
Steve Odgers,7575,11.12,6.74,13.89,1.85,48.18,15.1,42.22,4.0,61.9,266.7,https://www.decathlon2000.com/4483/usa-championships-indianapolis-1985/
Garret Armstrong,7547,10.68,7.4,12.48,1.82,49.02,14.87,37.78,4.8,45.8,276.41,https://www.decathlon2000.com/4483/usa-championships-indianapolis-1985/
Ernest White,7346,11.37,6.6,11.81,1.91,50.92,15.03,39.16,4.4,62.06,267.5,https://www.decathlon2000.com/4483/usa-championships-indianapolis-1985/
Chris Branham,7295,11.55,7.32,12.05,2.09,53.67,14.68,31.78,4.6,58.64,290.34,https://www.decathlon2000.com/4483/usa-championships-indianapolis-1985/
Dave Johnson,8203,11.23,7.3,14.08,2.07,49.53,14.79,46.16,4.9,62.78,270.06,https://www.decathlon2000.com/4482/usa-championships-eugene-1986/
Steve Erickson,8030,11.23,7.06,14.5,1.92,48.83,14.82,44.32,5.0,61.08,269.89,https://www.decathlon2000.com/4482/usa-championships-eugene-1986/
Gary Kinder,7857,11.34,7.08,16.04,1.98,51.45,15.57,47.24,4.7,68.16,297.35,https://www.decathlon2000.com/4482/usa-championships-eugene-1986/
Tony Allen-Cooksey,7839,11.54,7.6,14.49,2.01,49.8,15.0,42.24,4.8,56.14,284.73,https://www.decathlon2000.com/4482/usa-championships-eugene-1986/
Steve Odgers,7757,11.29,6.9,14.38,1.89,48.59,15.52,45.4,4.2,62.46,258.58,https://www.decathlon2000.com/4482/usa-championships-eugene-1986/
Shannon Sullivan,7750,11.41,7.05,13.31,1.95,49.33,15.56,40.78,4.9,57.48,258.81,https://www.decathlon2000.com/4482/usa-championships-eugene-1986/
Edwin Brown,7679,11.46,7.16,12.29,2.04,50.4,14.97,41.5,4.4,57.14,257.05,https://www.decathlon2000.com/4482/usa-championships-eugene-1986/
Jay Thorson,7573,11.84,6.89,12.79,2.01,51.53,14.52,41.66,4.7,56.4,264.56,https://www.decathlon2000.com/4482/usa-championships-eugene-1986/
Kevin McGorty,7513,11.59,6.99,13.0,2.07,50.69,15.03,36.6,4.6,53.56,265.15,https://www.decathlon2000.com/4482/usa-championships-eugene-1986/
James Connolly,7509,11.55,6.83,14.34,1.98,50.75,15.54,40.98,4.3,69.62,289.05,https://www.decathlon2000.com/4482/usa-championships-eugene-1986/
Joe Farinella,7494,11.57,7.16,14.36,1.95,50.67,15.0,46.56,4.0,57.04,284.34,https://www.decathlon2000.com/4482/usa-championships-eugene-1986/
Heinz Fritz Hinrichs,7477,11.17,6.71,11.56,1.98,48.69,15.61,45.32,4.6,51.28,274.0,https://www.decathlon2000.com/4482/usa-championships-eugene-1986/
Sheldon Blockburger,7472,11.27,7.59,13.56,1.98,49.84,14.92,37.1,3.9,54.98,278.75,https://www.decathlon2000.com/4482/usa-championships-eugene-1986/
Jon Robert Hallingstad,7245,11.88,6.68,13.87,1.89,51.36,16.16,41.2,4.3,61.26,263.22,https://www.decathlon2000.com/4482/usa-championships-eugene-1986/
Timothy Bright,8340,10.9,7.31,14.35,2.11,49.24,14.16,41.12,5.5,57.68,284.49,https://www.decathlon2000.com/4481/usa-championships-san-jose-1987/
Robert Muzzio,8134,10.88,7.15,17.0,1.93,49.35,14.85,49.42,4.4,60.02,276.36,https://www.decathlon2000.com/4481/usa-championships-san-jose-1987/
Gary Kinder,8053,10.78,7.26,15.38,1.9,50.17,15.58,47.54,4.9,68.44,295.3,https://www.decathlon2000.com/4481/usa-championships-san-jose-1987/
James Connolly,8023,10.85,7.12,15.05,1.93,49.88,15.08,38.58,4.5,74.36,270.46,https://www.decathlon2000.com/4481/usa-championships-san-jose-1987/
Keith Robinson,7912,10.92,7.11,14.52,1.99,48.76,14.48,42.28,4.5,58.22,281.4,https://www.decathlon2000.com/4481/usa-championships-san-jose-1987/
Michael Gonzalez,7865,11.28,7.06,13.47,1.99,50.62,15.97,44.36,4.9,66.76,268.94,https://www.decathlon2000.com/4481/usa-championships-san-jose-1987/
Sheldon Blockburger,7769,10.6,7.59,14.25,1.99,49.94,14.91,33.32,4.4,60.6,286.91,https://www.decathlon2000.com/4481/usa-championships-san-jose-1987/
Jay Thorson,7653,11.2,6.96,12.51,1.99,50.61,14.81,43.06,4.8,53.42,272.82,https://www.decathlon2000.com/4481/usa-championships-san-jose-1987/
Edwin Brown,7609,11.5,7.12,13.17,2.05,51.3,15.11,39.04,4.3,59.7,259.68,https://www.decathlon2000.com/4481/usa-championships-san-jose-1987/
Kristoff Szabadhegy,7493,11.18,7.41,13.79,1.9,49.55,15.17,38.88,4.6,48.42,281.76,https://www.decathlon2000.com/4481/usa-championships-san-jose-1987/
Tony Allen-Cooksey,7422,11.28,7.71,13.1,1.96,50.6,15.8,40.7,4.1,53.84,279.41,https://www.decathlon2000.com/4481/usa-championships-san-jose-1987/
Daniel Sheehan,7351,11.67,6.76,14.17,1.87,51.36,16.15,46.02,4.3,59.32,267.06,https://www.decathlon2000.com/4481/usa-championships-san-jose-1987/
Gary Kinder,8293,10.82,7.2,16.34,2.02,49.74,14.95,47.72,5.0,66.32,295.39,https://www.decathlon2000.com/4477/usa-championships-indianapolis-1988/
Timothy Bright,8287,10.95,7.38,13.59,2.05,49.44,14.4,41.62,5.6,60.54,285.12,https://www.decathlon2000.com/4477/usa-championships-indianapolis-1988/
Dave Johnson,8245,11.14,7.36,14.63,2.05,49.27,14.84,45.64,4.7,68.22,273.92,https://www.decathlon2000.com/4477/usa-championships-indianapolis-1988/
Shannon Sullivan,8076,11.24,6.91,13.4,1.99,49.41,14.81,46.66,5.2,57.46,261.46,https://www.decathlon2000.com/4477/usa-championships-indianapolis-1988/
Bart Goodell,7973,11.3,6.91,15.27,2.05,50.94,14.82,47.16,4.9,61.64,287.68,https://www.decathlon2000.com/4477/usa-championships-indianapolis-1988/
Steve Erickson,7950,11.18,6.78,14.16,1.93,49.83,14.96,43.42,5.0,62.64,263.01,https://www.decathlon2000.com/4477/usa-championships-indianapolis-1988/
Jay Thorson,7937,11.1,6.86,12.01,1.96,49.56,14.22,46.26,4.9,57.0,262.19,https://www.decathlon2000.com/4477/usa-championships-indianapolis-1988/
James Connolly,7872,11.2,6.83,13.95,1.99,50.03,15.1,40.0,4.7,71.36,274.1,https://www.decathlon2000.com/4477/usa-championships-indianapolis-1988/
Kristoff Szabadhegy,7826,11.27,7.25,13.66,1.93,49.96,14.9,42.5,4.7,57.64,263.42,https://www.decathlon2000.com/4477/usa-championships-indianapolis-1988/
Michael Gonzalez,7817,11.39,6.75,13.14,2.05,50.27,15.13,45.22,4.8,63.2,274.07,https://www.decathlon2000.com/4477/usa-championships-indianapolis-1988/
Steve Odgers,7694,11.2,6.95,13.75,1.87,48.81,14.89,44.36,4.4,58.6,270.77,https://www.decathlon2000.com/4477/usa-championships-indianapolis-1988/
Kevin McGorty,7523,11.57,7.06,10.98,2.11,51.14,15.58,38.96,5.0,54.34,268.28,https://www.decathlon2000.com/4477/usa-championships-indianapolis-1988/
Edwin Brown,7484,11.66,7.01,11.91,1.99,51.75,15.11,40.58,4.4,61.12,258.78,https://www.decathlon2000.com/4477/usa-championships-indianapolis-1988/
Garret Armstrong,7099,11.42,6.52,11.63,1.96,51.66,16.02,40.78,4.6,54.92,280.88,https://www.decathlon2000.com/4477/usa-championships-indianapolis-1988/
Dave Johnson,8549,10.79,7.59,14.44,2.04,49.59,14.38,46.04,5.15,67.36,271.47,https://www.decathlon2000.com/4476/usa-championships-houston-1989/
Sheldon Blockburger,8248,10.61,7.68,14.24,2.13,49.11,14.57,42.7,4.65,60.16,288.35,https://www.decathlon2000.com/4476/usa-championships-houston-1989/
Gary Kinder,8155,10.69,7.22,15.78,2.07,52.09,15.0,49.94,4.95,67.42,316.86,https://www.decathlon2000.com/4476/usa-championships-houston-1989/
Derek Huff,8024,10.9,7.37,15.24,2.01,50.7,15.19,40.64,4.95,63.84,286.15,https://www.decathlon2000.com/4476/usa-championships-houston-1989/
Kip Janvrin,7994,11.08,7.12,14.36,1.98,49.2,14.71,35.62,4.95,56.08,249.16,https://www.decathlon2000.com/4476/usa-championships-houston-1989/
Steve Odgers,7969,11.02,7.0,14.34,1.92,48.2,14.6,45.22,4.55,61.88,275.41,https://www.decathlon2000.com/4476/usa-championships-houston-1989/
Andrew Fucci,7844,10.76,7.35,13.12,2.07,49.45,14.5,37.64,4.55,57.92,286.78,https://www.decathlon2000.com/4476/usa-championships-houston-1989/
Jay Thorson,7722,11.01,6.87,12.36,1.95,50.01,14.63,44.82,5.05,52.44,281.33,https://www.decathlon2000.com/4476/usa-championships-houston-1989/
Kevin McGorty,7711,11.25,7.18,12.46,2.01,50.16,14.51,37.32,4.85,53.98,267.53,https://www.decathlon2000.com/4476/usa-championships-houston-1989/
Chris Warner,7585,10.72,6.85,12.85,1.95,49.31,14.66,41.76,4.25,61.72,296.95,https://www.decathlon2000.com/4476/usa-championships-houston-1989/
Dave Johnson,8600,10.78,7.39,14.79,2.1,48.85,14.35,48.4,5.0,67.8,275.69,https://www.decathlon2000.com/4475/usa-championships-norwalk-1990/
Dan O'Brien,8483,10.4,8.04,15.36,2.13,49.25,14.03,46.04,4.3,58.16,283.9,https://www.decathlon2000.com/4475/usa-championships-norwalk-1990/
Sheldon Blockburger,8301,10.84,7.85,13.88,2.1,49.81,14.61,43.24,4.9,61.84,281.91,https://www.decathlon2000.com/4475/usa-championships-norwalk-1990/
Jay Thorson,8246,11.04,7.39,14.18,2.01,49.78,14.22,47.36,5.1,55.52,271.43,https://www.decathlon2000.com/4475/usa-championships-norwalk-1990/
Derek Huff,8181,10.93,7.32,14.81,2.04,50.51,14.61,43.9,4.8,67.4,282.51,https://www.decathlon2000.com/4475/usa-championships-norwalk-1990/
Kip Janvrin,8113,10.94,7.06,14.0,1.98,49.15,14.77,40.7,5.1,58.94,258.18,https://www.decathlon2000.com/4475/usa-championships-norwalk-1990/
Andrew Fucci,8071,10.73,7.44,12.54,2.04,48.82,14.26,40.08,5.1,52.64,276.34,https://www.decathlon2000.com/4475/usa-championships-norwalk-1990/
Kevin McGorty,7929,11.16,7.04,12.99,2.01,50.37,14.62,41.08,5.0,59.62,265.0,https://www.decathlon2000.com/4475/usa-championships-norwalk-1990/
Steve Fritz,7787,11.02,6.99,13.53,1.95,50.5,14.71,42.82,4.6,60.38,272.42,https://www.decathlon2000.com/4475/usa-championships-norwalk-1990/
David Masgay,7785,11.08,6.95,12.11,1.92,49.28,15.19,44.32,4.6,66.34,270.15,https://www.decathlon2000.com/4475/usa-championships-norwalk-1990/
Jack Hoyt,7663,11.23,7.2,14.0,2.13,51.64,14.99,41.36,4.5,53.24,283.7,https://www.decathlon2000.com/4475/usa-championships-norwalk-1990/
Brian Brophy,7569,11.23,6.74,15.3,1.95,50.15,14.84,47.7,4.4,51.68,293.82,https://www.decathlon2000.com/4475/usa-championships-norwalk-1990/
Chris Warner,7343,10.93,6.43,12.89,1.98,50.5,15.18,43.94,4.4,56.84,301.18,https://www.decathlon2000.com/4475/usa-championships-norwalk-1990/
Edwin Brown,7042,11.68,6.56,12.19,1.95,55.02,14.92,39.62,4.3,55.16,267.79,https://www.decathlon2000.com/4475/usa-championships-norwalk-1990/
Dan O'Brien,8844,10.23,7.96,16.06,2.08,47.7,13.95,48.08,5.1,57.4,285.54,https://www.decathlon2000.com/4473/usa-championships-new-york-1991/
Dave Johnson,8467,10.87,7.33,14.95,2.05,49.26,15.05,47.7,4.7,72.16,263.0,https://www.decathlon2000.com/4473/usa-championships-new-york-1991/
Robert Muzzio,8119,11.09,6.99,16.58,1.96,50.16,15.05,47.86,5.0,60.26,279.29,https://www.decathlon2000.com/4473/usa-championships-new-york-1991/
Andrew Fucci,8079,10.79,7.36,12.78,2.05,48.76,14.52,41.3,4.7,62.16,275.99,https://www.decathlon2000.com/4473/usa-championships-new-york-1991/
Steve Fritz,7978,10.99,7.24,13.85,2.05,49.86,14.72,44.76,4.6,57.8,274.83,https://www.decathlon2000.com/4473/usa-championships-new-york-1991/
Sheldon Blockburger,7954,10.79,7.23,14.17,2.02,50.81,14.91,41.56,4.8,61.6,281.52,https://www.decathlon2000.com/4473/usa-championships-new-york-1991/
Derek Huff,7740,10.82,7.05,14.71,1.96,50.93,15.38,44.0,4.6,60.84,291.14,https://www.decathlon2000.com/4473/usa-championships-new-york-1991/
David Masgay,7717,11.1,7.16,13.41,1.93,49.41,15.34,41.36,4.3,64.46,269.98,https://www.decathlon2000.com/4473/usa-championships-new-york-1991/
Ricky Barker,7700,10.93,6.89,12.81,2.05,48.93,15.13,39.52,4.9,56.56,291.44,https://www.decathlon2000.com/4473/usa-championships-new-york-1991/
Kristoff Szabadhegy,7666,11.02,7.0,13.65,1.96,49.42,14.78,40.6,4.7,48.92,271.45,https://www.decathlon2000.com/4473/usa-championships-new-york-1991/
Kip Janvrin,7647,11.28,6.72,14.71,1.84,49.66,15.49,42.92,4.6,58.04,258.14,https://www.decathlon2000.com/4473/usa-championships-new-york-1991/
Dave Johnson,8649,11.18,7.27,15.05,2.0,48.21,14.44,48.7,5.2,74.58,267.17,https://www.decathlon2000.com/4472/usa-championships-new-orleans-1992/
Aric Long,8237,11.32,7.33,15.45,2.12,49.95,14.83,48.18,5.1,58.78,286.42,https://www.decathlon2000.com/4472/usa-championships-new-orleans-1992/
Robert Muzzio,8163,11.26,7.14,16.16,2.0,49.45,14.89,50.4,4.9,56.44,276.54,https://www.decathlon2000.com/4472/usa-championships-new-orleans-1992/
Brian Brophy,8054,11.43,7.13,15.58,2.06,49.18,15.0,52.12,4.6,58.48,287.36,https://www.decathlon2000.com/4472/usa-championships-new-orleans-1992/
Steve Fritz,8019,11.16,7.68,14.41,1.97,49.04,14.57,43.46,4.4,57.58,268.11,https://www.decathlon2000.com/4472/usa-championships-new-orleans-1992/
Derek Huff,7992,11.08,7.32,15.53,2.0,50.02,15.39,44.02,4.9,62.64,291.31,https://www.decathlon2000.com/4472/usa-championships-new-orleans-1992/
Andrew Fucci,7977,11.0,7.36,13.28,2.0,49.0,14.38,39.7,4.7,60.82,274.56,https://www.decathlon2000.com/4472/usa-championships-new-orleans-1992/
Kip Janvrin,7949,11.21,7.11,13.72,1.91,48.07,15.07,43.9,5.2,52.38,265.52,https://www.decathlon2000.com/4472/usa-championships-new-orleans-1992/
Sheldon Blockburger,7930,11.09,7.55,14.87,1.97,49.76,15.25,40.76,5.1,58.82,293.64,https://www.decathlon2000.com/4472/usa-championships-new-orleans-1992/
Kevin McGorthy,7888,11.34,7.1,12.28,2.09,49.39,15.0,38.4,5.3,53.32,263.64,https://www.decathlon2000.com/4472/usa-championships-new-orleans-1992/
Chris Wilcox,7763,10.7,7.1,13.71,2.0,47.73,15.03,41.94,4.5,47.04,276.12,https://www.decathlon2000.com/4472/usa-championships-new-orleans-1992/
Paul Foxson,7703,11.28,7.45,12.83,2.0,48.4,15.63,42.84,4.7,52.86,279.24,https://www.decathlon2000.com/4472/usa-championships-new-orleans-1992/
Steve Dunphy,7690,11.32,7.34,14.49,2.03,49.26,15.12,38.98,4.6,55.28,288.37,https://www.decathlon2000.com/4472/usa-championships-new-orleans-1992/
Chris Huffins,7662,10.55,7.77,12.86,1.94,48.41,14.54,44.24,3.7,53.7,299.24,https://www.decathlon2000.com/4472/usa-championships-new-orleans-1992/
Matt Shelton,7605,10.93,7.37,12.58,1.97,47.08,15.12,40.58,4.2,52.16,285.03,https://www.decathlon2000.com/4472/usa-championships-new-orleans-1992/
Robert Pendergist,7533,11.24,6.73,13.34,2.03,48.92,15.57,41.44,4.3,59.96,280.64,https://www.decathlon2000.com/4472/usa-championships-new-orleans-1992/
John Schwepker,7514,11.2,7.12,13.02,1.88,49.47,15.08,36.98,4.8,54.78,276.91,https://www.decathlon2000.com/4472/usa-championships-new-orleans-1992/
Dan O'Brien,8331,10.72,7.54,15.81,2.09,48.62,14.01,43.84,5.05,57.98,309.41,https://www.decathlon2000.com/4469/usa-championships-eugene-1993/
Steve Fritz,8176,10.8,7.38,13.65,2.0,49.41,14.03,43.0,4.85,61.28,43.789,https://www.decathlon2000.com/4469/usa-championships-eugene-1993/
Robert Muzzio,8057,11.25,7.15,15.84,1.94,50.27,14.45,48.24,4.75,58.54,275.7,https://www.decathlon2000.com/4469/usa-championships-eugene-1993/
Kip Janvrin,8047,11.18,6.89,13.74,1.91,48.84,14.8,47.44,5.05,57.28,258.72,https://www.decathlon2000.com/4469/usa-championships-eugene-1993/
Sheldon Blockburger,8020,10.89,7.23,14.88,2.09,49.98,14.49,38.66,4.65,59.42,277.02,https://www.decathlon2000.com/4469/usa-championships-eugene-1993/
Aric Long,8013,11.23,7.1,14.78,2.12,50.23,14.52,44.94,4.65,59.06,281.9,https://www.decathlon2000.com/4469/usa-championships-eugene-1993/
Andrew Fucci,7935,11.06,7.29,12.54,1.97,48.93,14.09,41.28,5.15,56.62,288.54,https://www.decathlon2000.com/4469/usa-championships-eugene-1993/
Derek Huff,7831,11.03,7.15,15.25,2.0,50.84,15.22,46.04,4.75,59.46,298.65,https://www.decathlon2000.com/4469/usa-championships-eugene-1993/
Chris Huffins,7726,10.77,7.35,13.5,1.91,49.02,14.25,45.66,4.15,58.82,304.51,https://www.decathlon2000.com/4469/usa-championships-eugene-1993/
Chris Wilcox,7617,10.75,6.98,14.53,2.0,49.32,14.98,41.2,4.45,48.42,288.36,https://www.decathlon2000.com/4469/usa-championships-eugene-1993/
Darrin Steele,7439,11.22,6.89,13.72,1.94,48.83,15.16,40.86,4.35,57.6,296.46,https://www.decathlon2000.com/4469/usa-championships-eugene-1993/
Richard Schwieger,7399,11.2,6.9,13.29,2.06,50.11,14.9,40.1,4.45,47.6,291.4,https://www.decathlon2000.com/4469/usa-championships-eugene-1993/
Jack Hoyt,7355,11.49,6.99,13.41,1.97,50.96,14.94,44.48,4.45,51.96,297.66,https://www.decathlon2000.com/4469/usa-championships-eugene-1993/
Dan O'Brien,8707,10.31,7.81,15.87,2.17,48.19,13.98,46.34,5.15,62.28,316.42,https://www.decathlon2000.com/4468/usa-championships-knoxville-1994/
Steve Fritz,8548,10.63,7.84,14.37,2.05,48.7,14.27,46.76,4.95,64.58,283.09,https://www.decathlon2000.com/4468/usa-championships-knoxville-1994/
Kip Janvrin,8287,10.73,6.99,13.52,1.9,47.57,14.82,46.04,5.25,60.14,258.13,https://www.decathlon2000.com/4468/usa-championships-knoxville-1994/
Sheldon Blockburger,8281,10.83,7.54,15.06,2.14,50.31,14.97,45.26,4.55,68.08,284.82,https://www.decathlon2000.com/4468/usa-championships-knoxville-1994/
Andrew Fucci,8105,10.81,7.54,11.9,2.08,48.68,14.35,41.26,5.25,52.72,282.34,https://www.decathlon2000.com/4468/usa-championships-knoxville-1994/
Muhammad Oliver,8043,10.7,7.37,13.12,2.14,49.2,14.21,38.84,4.55,58.26,281.06,https://www.decathlon2000.com/4468/usa-championships-knoxville-1994/
Robert Muzzio,7997,11.04,6.91,15.59,1.96,49.19,15.02,45.22,4.65,61.38,272.72,https://www.decathlon2000.com/4468/usa-championships-knoxville-1994/
Brian Schweyen,7854,11.08,7.12,12.78,2.17,51.1,14.91,43.14,5.05,55.28,292.3,https://www.decathlon2000.com/4468/usa-championships-knoxville-1994/
Chris Wilcox,7850,10.83,7.37,15.22,2.05,49.25,15.19,43.42,4.25,53.22,283.08,https://www.decathlon2000.com/4468/usa-championships-knoxville-1994/
Aric Long,7788,11.19,6.44,15.52,2.08,49.54,14.98,47.46,5.25,43.04,292.3,https://www.decathlon2000.com/4468/usa-championships-knoxville-1994/
Michael Bennett,7670,10.77,6.99,12.95,1.87,48.72,14.83,43.0,4.85,45.06,270.11,https://www.decathlon2000.com/4468/usa-championships-knoxville-1994/
Ricky Barker,7665,11.18,7.22,13.12,2.11,50.9,14.78,40.14,4.75,53.16,291.34,https://www.decathlon2000.com/4468/usa-championships-knoxville-1994/
Darrin Steele,7647,11.06,6.85,13.09,2.02,49.47,15.06,44.88,4.65,54.66,289.84,https://www.decathlon2000.com/4468/usa-championships-knoxville-1994/
Brad Swanson,7531,11.09,6.87,13.51,2.02,50.75,15.47,42.3,4.35,58.94,282.58,https://www.decathlon2000.com/4468/usa-championships-knoxville-1994/
Dan O'Brien,8682,10.36,7.82,15.28,2.09,47.96,13.84,51.16,4.8,61.56,301.02,https://www.decathlon2000.com/4467/usa-championships-sacramento-1995/
Chris Huffins,8351,10.33,7.93,15.69,2.0,48.61,14.33,42.98,4.6,54.54,309.86,https://www.decathlon2000.com/4467/usa-championships-sacramento-1995/
Brian Brophy,8257,11.13,7.2,16.57,2.09,49.97,15.09,52.96,4.8,55.72,280.07,https://www.decathlon2000.com/4467/usa-championships-sacramento-1995/
Ricky Barker,8170,10.64,7.37,14.43,2.06,48.43,14.5,42.18,5.0,56.8,292.69,https://www.decathlon2000.com/4467/usa-championships-sacramento-1995/
Dan Steele,8102,10.72,7.17,14.64,1.91,47.34,14.38,46.68,4.1,64.66,275.04,https://www.decathlon2000.com/4467/usa-championships-sacramento-1995/
Robert Muzzio,8090,11.05,7.11,15.29,1.97,50.44,14.55,50.64,4.8,57.62,279.72,https://www.decathlon2000.com/4467/usa-championships-sacramento-1995/
Kip Janvrin,8037,10.86,7.39,13.9,1.85,48.44,14.77,43.1,4.7,59.96,262.38,https://www.decathlon2000.com/4467/usa-championships-sacramento-1995/
Mario Sategna,7909,10.86,7.27,12.91,1.88,48.43,15.25,44.1,4.8,61.62,274.76,https://www.decathlon2000.com/4467/usa-championships-sacramento-1995/
Aric Long,7884,11.4,7.16,14.98,2.09,51.23,15.09,51.1,4.7,58.04,299.07,https://www.decathlon2000.com/4467/usa-championships-sacramento-1995/
Steve Rowland,7878,10.62,7.42,14.71,1.97,50.2,15.08,48.28,4.1,56.34,283.31,https://www.decathlon2000.com/4467/usa-championships-sacramento-1995/
Muhammad Oliver,7776,10.62,6.82,13.01,2.06,50.57,14.49,41.54,4.6,60.12,292.39,https://www.decathlon2000.com/4467/usa-championships-sacramento-1995/
Chris Wilcox,7714,10.79,7.47,15.12,1.97,49.35,15.0,41.68,4.3,56.28,305.5,https://www.decathlon2000.com/4467/usa-championships-sacramento-1995/
Jeromy Williams,7509,11.22,7.18,12.86,1.91,49.96,15.13,39.9,4.9,62.6,312.85,https://www.decathlon2000.com/4467/usa-championships-sacramento-1995/
David Pope,7361,11.1,6.83,12.91,1.91,50.18,15.51,46.3,4.5,51.2,291.61,https://www.decathlon2000.com/4467/usa-championships-sacramento-1995/
Enoch Borozinski,7295,11.01,6.85,14.13,1.94,51.29,15.23,45.22,4.0,56.1,305.42,https://www.decathlon2000.com/4467/usa-championships-sacramento-1995/
Ray Livingston,7290,10.85,7.11,12.27,1.97,50.57,15.2,39.46,4.3,53.28,301.67,https://www.decathlon2000.com/4467/usa-championships-sacramento-1995/
Dan O'Brien,8726,10.32,7.46,15.64,2.08,46.81,14.04,49.38,5.2,65.22,312.01,https://www.decathlon2000.com/701/usa-championships-atlanta-1996/
Steve Fritz,8636,10.74,7.62,16.25,2.05,49.36,13.8,50.24,4.9,63.74,286.2,https://www.decathlon2000.com/701/usa-championships-atlanta-1996/
Chris Huffins,8546,10.22,7.91,16.44,2.02,48.05,14.09,48.62,4.8,63.64,327.42,https://www.decathlon2000.com/701/usa-championships-atlanta-1996/
Kip Janvrin,8345,10.83,7.08,14.82,1.96,48.35,14.64,45.58,5.2,59.2,261.18,https://www.decathlon2000.com/701/usa-championships-atlanta-1996/
Andrew Fucci,8227,10.75,7.53,13.73,2.08,48.91,14.13,43.62,4.9,60.46,294.69,https://www.decathlon2000.com/701/usa-championships-atlanta-1996/
Dave Johnson,8189,11.15,6.95,14.66,1.9,49.81,14.54,49.22,4.9,71.7,277.05,https://www.decathlon2000.com/701/usa-championships-atlanta-1996/
Ricky Barker,8163,10.6,7.26,14.19,2.08,48.87,14.51,41.7,5.2,58.3,300.55,https://www.decathlon2000.com/701/usa-championships-atlanta-1996/
Aric Long,8095,11.08,7.31,16.1,2.14,50.33,14.64,46.12,5.0,59.68,320.56,https://www.decathlon2000.com/701/usa-championships-atlanta-1996/
Robert Muzzio,8028,11.09,7.01,16.2,2.02,50.07,14.73,49.1,4.8,59.98,301.18,https://www.decathlon2000.com/701/usa-championships-atlanta-1996/
Darwin Vandehoef,7827,10.68,7.04,13.4,2.17,49.32,14.21,43.22,4.4,47.92,292.65,https://www.decathlon2000.com/701/usa-championships-atlanta-1996/
Chris Wilcox,7822,10.68,7.17,14.98,2.02,49.36,14.58,44.2,4.3,54.96,299.78,https://www.decathlon2000.com/701/usa-championships-atlanta-1996/
Shawn Wilbourn,7793,10.82,7.25,14.59,1.93,51.06,14.62,49.72,4.5,55.16,299.73,https://www.decathlon2000.com/701/usa-championships-atlanta-1996/
Bradley Swanson,7596,10.96,6.76,13.95,1.99,51.92,15.5,46.24,4.5,63.56,295.21,https://www.decathlon2000.com/701/usa-championships-atlanta-1996/
Jeromy Williams,7594,11.19,7.2,14.5,1.93,51.25,15.2,46.76,4.9,56.54,317.7,https://www.decathlon2000.com/701/usa-championships-atlanta-1996/
Ray Livingston,7575,10.69,7.32,13.01,1.76,49.85,15.17,43.68,4.9,56.18,306.47,https://www.decathlon2000.com/701/usa-championships-atlanta-1996/
Tage Peterson,7389,10.96,7.35,11.63,1.93,50.14,15.34,39.92,4.4,52.74,283.7,https://www.decathlon2000.com/701/usa-championships-atlanta-1996/
Steve Fritz,8604,10.75,7.39,14.92,2.04,48.53,13.74,50.28,5.0,64.48,281.49,https://www.decathlon2000.com/728/usa-championships-indianapolis-1997/
Chris Huffins,8458,10.35,7.79,15.21,2.01,48.92,13.82,47.64,4.9,57.5,299.89,https://www.decathlon2000.com/728/usa-championships-indianapolis-1997/
Shawn Wilbourn,8268,10.65,7.11,14.99,1.95,49.23,14.13,49.26,4.9,61.0,285.64,https://www.decathlon2000.com/728/usa-championships-indianapolis-1997/
Kip Janvrin,8228,10.97,7.18,14.6,1.86,48.16,14.64,47.1,5.0,58.88,258.14,https://www.decathlon2000.com/728/usa-championships-indianapolis-1997/
Darwin Vandehoef,8123,10.88,7.29,13.91,2.16,48.49,14.03,43.32,4.5,52.0,275.44,https://www.decathlon2000.com/728/usa-championships-indianapolis-1997/
William Schuffenhauer,8108,11.07,7.39,15.03,2.04,50.03,14.99,47.68,4.4,64.56,277.02,https://www.decathlon2000.com/728/usa-championships-indianapolis-1997/
Mario Sategna,8039,10.82,7.46,15.12,1.89,50.28,14.99,43.86,5.1,60.32,288.02,https://www.decathlon2000.com/728/usa-championships-indianapolis-1997/
Ricky Barker,7910,10.91,7.2,14.41,2.04,49.33,14.32,37.18,4.9,58.74,295.16,https://www.decathlon2000.com/728/usa-championships-indianapolis-1997/
Trafton Rodgers,7822,10.65,6.92,12.95,2.07,48.36,14.22,40.16,4.9,51.06,299.06,https://www.decathlon2000.com/728/usa-championships-indianapolis-1997/
Ray Livingston,7777,10.84,6.97,11.97,1.95,48.89,14.56,41.54,5.3,55.08,297.02,https://www.decathlon2000.com/728/usa-championships-indianapolis-1997/
Bradley Swanson,7704,11.42,6.89,13.55,2.01,49.55,15.48,44.92,4.4,64.12,275.33,https://www.decathlon2000.com/728/usa-championships-indianapolis-1997/
Gary Kinder,7672,11.39,7.0,15.69,1.95,51.61,15.62,45.3,4.8,65.98,306.3,https://www.decathlon2000.com/728/usa-championships-indianapolis-1997/
Chad Smith,7636,10.74,6.75,14.09,1.95,49.28,14.16,43.68,4.0,58.3,293.35,https://www.decathlon2000.com/728/usa-championships-indianapolis-1997/
Phil McMullen,7623,11.32,6.58,13.9,1.89,49.21,15.07,46.26,4.5,49.68,253.07,https://www.decathlon2000.com/728/usa-championships-indianapolis-1997/
Louis Hinshaw,7608,11.03,6.67,13.92,1.95,49.84,15.2,40.6,5.0,53.7,283.45,https://www.decathlon2000.com/728/usa-championships-indianapolis-1997/
Chris Huffins,8694,10.31,7.76,15.43,2.18,49.02,14.02,53.22,4.6,61.59,299.43,https://www.decathlon2000.com/729/usa-championships-new-orleans-1998/
Ricky Barker,8183,10.75,7.35,14.95,2.03,48.42,14.18,40.81,5.1,59.47,300.37,https://www.decathlon2000.com/729/usa-championships-new-orleans-1998/
Brian Brophy,8123,11.32,7.38,16.17,2.03,49.67,15.23,51.03,4.9,54.45,284.06,https://www.decathlon2000.com/729/usa-championships-new-orleans-1998/
Kip Janvrin,8081,10.93,7.11,14.15,1.91,48.57,14.92,42.02,4.9,60.37,256.69,https://www.decathlon2000.com/729/usa-championships-new-orleans-1998/
Trafton Rodgers,8070,10.49,7.25,13.61,2.09,48.52,14.07,44.34,4.6,58.33,306.43,https://www.decathlon2000.com/729/usa-championships-new-orleans-1998/
Phil McMullen,7947,11.44,6.95,13.63,1.97,49.52,14.91,47.65,5.0,52.4,255.12,https://www.decathlon2000.com/729/usa-championships-new-orleans-1998/
Louis Hinshaw,7825,10.91,7.06,13.65,1.97,50.22,15.06,41.81,4.9,61.79,286.38,https://www.decathlon2000.com/729/usa-championships-new-orleans-1998/
Chad Smith,7709,10.94,6.3,13.17,1.97,49.4,14.21,44.5,4.7,55.44,277.88,https://www.decathlon2000.com/729/usa-championships-new-orleans-1998/
James Dunkleberger,7656,10.9,6.91,13.44,1.94,49.76,15.66,38.64,5.2,55.11,282.33,https://www.decathlon2000.com/729/usa-championships-new-orleans-1998/
Ross Bomben,7638,10.94,7.3,13.09,1.94,50.61,14.51,39.4,4.6,57.3,289.71,https://www.decathlon2000.com/729/usa-championships-new-orleans-1998/
Chris Huffins,8350,10.45,7.65,15.28,2.12,49.41,13.93,47.96,4.8,54.92,310.0,https://www.decathlon2000.com/730/usa-championships-eugene-1999/
Tom Pappas,8187,10.75,7.36,14.97,1.94,48.34,14.0,44.65,5.0,60.89,302.71,https://www.decathlon2000.com/730/usa-championships-eugene-1999/
Dan Steele,7938,10.84,6.65,13.89,1.91,47.6,14.49,46.26,4.3,65.09,274.93,https://www.decathlon2000.com/730/usa-championships-eugene-1999/
Kip Janvrin,7900,11.1,6.72,13.67,1.88,48.19,14.93,41.8,4.9,57.08,250.55,https://www.decathlon2000.com/730/usa-championships-eugene-1999/
Stephen Moore,7864,10.76,7.46,12.87,2.12,48.95,14.69,41.6,4.6,51.57,293.08,https://www.decathlon2000.com/730/usa-championships-eugene-1999/
Ross Bomben,7735,10.82,7.42,13.51,1.82,50.29,14.3,42.83,4.9,53.45,293.51,https://www.decathlon2000.com/730/usa-championships-eugene-1999/
Chad Smith,7727,10.9,7.14,14.54,1.79,49.71,14.5,42.66,4.8,55.88,287.43,https://www.decathlon2000.com/730/usa-championships-eugene-1999/
Bevan Hart,7716,11.05,7.06,13.31,1.91,49.68,15.16,39.14,5.2,52.92,273.87,https://www.decathlon2000.com/730/usa-championships-eugene-1999/
Steve Fritz,7709,11.24,6.81,15.04,1.85,50.44,14.85,49.01,4.6,60.86,290.23,https://www.decathlon2000.com/730/usa-championships-eugene-1999/
Ricky Barker,7705,10.82,7.36,13.92,1.97,50.05,14.36,39.35,4.9,55.1,316.47,https://www.decathlon2000.com/730/usa-championships-eugene-1999/
Trafton Rodgers,7658,10.69,7.17,13.62,2.0,48.8,14.58,43.2,4.5,47.76,302.29,https://www.decathlon2000.com/730/usa-championships-eugene-1999/
Brendon Falconer,7624,10.92,7.37,14.0,1.91,49.21,14.86,43.6,4.4,49.58,289.28,https://www.decathlon2000.com/730/usa-championships-eugene-1999/
Tom Pappas,8467,10.7,7.41,15.32,2.14,48.91,14.27,45.81,5.1,63.45,299.74,https://www.decathlon2000.com/731/usa-championships-sacramento-2000/
Chris Huffins,8285,10.45,7.87,14.6,2.11,48.64,14.31,50.27,4.5,54.35,311.01,https://www.decathlon2000.com/731/usa-championships-sacramento-2000/
Kip Janvrin,8057,11.03,6.92,13.94,1.9,48.39,14.88,42.3,5.0,59.3,252.01,https://www.decathlon2000.com/731/usa-championships-sacramento-2000/
Phil McMullen,7954,11.27,6.99,14.44,1.96,49.48,15.07,45.38,4.9,55.63,259.86,https://www.decathlon2000.com/731/usa-championships-sacramento-2000/
Dan Steele,7890,10.85,6.9,13.84,1.84,47.8,14.7,47.26,4.4,64.03,280.44,https://www.decathlon2000.com/731/usa-championships-sacramento-2000/
Bevan Hart,7873,10.85,7.16,13.6,1.9,48.94,15.02,38.73,5.2,53.25,269.21,https://www.decathlon2000.com/731/usa-championships-sacramento-2000/
Avery Anderson,7692,10.83,7.37,13.41,2.11,48.83,14.25,40.67,4.5,47.22,311.63,https://www.decathlon2000.com/731/usa-championships-sacramento-2000/
Chad Smith,7664,10.9,7.2,13.45,1.84,49.83,14.69,42.43,4.9,55.85,295.79,https://www.decathlon2000.com/731/usa-championships-sacramento-2000/
Trafton Rodgers,7369,10.62,7.24,13.65,2.02,48.82,14.49,40.47,4.5,42.15,344.07,https://www.decathlon2000.com/731/usa-championships-sacramento-2000/
Kip Janvrin,8241,10.98,7.01,14.21,1.89,48.41,14.72,45.59,5.2,60.41,254.96,https://www.decathlon2000.com/732/usa-championships-eugene-2001/
Phil McMullen,8220,11.37,7.06,15.24,1.98,49.85,14.72,48.89,5.2,55.23,257.04,https://www.decathlon2000.com/732/usa-championships-eugene-2001/
Bryan Clay,8169,10.5,7.54,13.28,1.98,48.81,14.16,46.72,4.5,57.96,278.93,https://www.decathlon2000.com/732/usa-championships-eugene-2001/
Chad Smith,8075,10.81,7.25,14.52,1.89,48.55,14.13,46.23,5.0,52.58,282.69,https://www.decathlon2000.com/732/usa-championships-eugene-2001/
Avery Andeson,7717,10.93,7.08,12.17,2.1,50.64,14.32,42.45,4.7,52.46,290.28,https://www.decathlon2000.com/732/usa-championships-eugene-2001/
Stephen Moore,7714,11.11,7.15,12.42,2.13,49.73,14.6,40.31,4.6,50.22,278.2,https://www.decathlon2000.com/732/usa-championships-eugene-2001/
David Lemen,7619,11.28,7.32,13.8,1.89,52.54,15.08,39.54,5.3,59.32,296.44,https://www.decathlon2000.com/732/usa-championships-eugene-2001/
Joseph Cebulski,7612,11.27,6.48,13.66,2.04,49.38,15.09,44.89,4.6,54.32,280.1,https://www.decathlon2000.com/732/usa-championships-eugene-2001/
Bevan Hart,7255,11.13,6.87,13.05,1.92,50.47,15.27,29.14,5.0,51.06,282.15,https://www.decathlon2000.com/732/usa-championships-eugene-2001/
Ricky Barker,7043,11.11,6.94,12.94,1.92,51.61,14.58,40.18,4.5,47.61,332.11,https://www.decathlon2000.com/732/usa-championships-eugene-2001/
Tom Pappas,8398,10.81,7.49,15.09,2.13,49.35,13.97,45.24,5.0,60.3,293.87,https://www.decathlon2000.com/733/usa-championships-berkeley-2002/
Bryan Clay,8230,10.73,7.39,14.15,2.04,49.65,13.96,50.16,4.5,58.42,282.74,https://www.decathlon2000.com/733/usa-championships-berkeley-2002/
Phil McMullen,7934,11.49,6.76,15.53,1.92,50.2,14.99,49.96,5.0,53.45,262.66,https://www.decathlon2000.com/733/usa-championships-berkeley-2002/
Chad Smith,7914,10.89,6.97,14.31,1.92,48.53,14.28,45.19,4.5,56.53,276.23,https://www.decathlon2000.com/733/usa-championships-berkeley-2002/
Stephen Moore,7793,10.87,7.4,12.85,2.07,48.49,14.34,35.81,4.7,51.3,286.04,https://www.decathlon2000.com/733/usa-championships-berkeley-2002/
Joseph Cebulski,7748,11.27,6.62,13.94,2.04,49.81,14.87,45.35,4.5,60.23,277.76,https://www.decathlon2000.com/733/usa-championships-berkeley-2002/
Stephen Harris,7712,10.9,7.03,11.95,2.04,48.38,14.63,35.84,4.4,57.01,265.58,https://www.decathlon2000.com/733/usa-championships-berkeley-2002/
Bevan Hart,7530,11.18,6.97,13.64,1.89,49.82,14.85,40.24,4.9,50.86,284.85,https://www.decathlon2000.com/733/usa-championships-berkeley-2002/
Paul Terek,7445,11.03,6.66,14.35,1.86,48.96,15.86,36.84,5.1,54.18,289.26,https://www.decathlon2000.com/733/usa-championships-berkeley-2002/
Tom Pappas,8784,10.78,7.96,16.28,2.17,48.22,14.13,45.84,5.2,60.77,288.12,https://www.decathlon2000.com/755/usa-championships-palo-alto-2003/
Bryan Clay,8482,10.43,7.71,14.01,2.02,47.85,14.12,43.51,4.7,67.77,282.19,https://www.decathlon2000.com/755/usa-championships-palo-alto-2003/
Paul Terek,8275,10.9,7.38,15.51,2.08,49.26,15.78,46.19,5.2,58.79,277.25,https://www.decathlon2000.com/755/usa-championships-palo-alto-2003/
Stephen Moore,8010,10.8,7.33,12.87,2.02,47.18,14.44,42.28,4.6,54.34,275.44,https://www.decathlon2000.com/755/usa-championships-palo-alto-2003/
Kip Janvrin,7918,11.1,6.83,14.45,1.84,48.35,14.86,40.8,4.9,58.0,252.91,https://www.decathlon2000.com/755/usa-championships-palo-alto-2003/
David Lemen,7809,11.22,7.38,12.75,1.9,50.94,14.58,40.12,5.3,65.83,300.58,https://www.decathlon2000.com/755/usa-championships-palo-alto-2003/
Bevan Hart,7754,11.2,6.81,13.53,1.96,50.0,14.83,42.16,5.0,54.1,269.45,https://www.decathlon2000.com/755/usa-championships-palo-alto-2003/
Andy Giesler,7628,11.26,7.31,15.44,1.84,50.68,15.7,45.14,4.8,54.86,288.63,https://www.decathlon2000.com/755/usa-championships-palo-alto-2003/
James Cook,7612,11.35,6.95,13.25,1.96,50.98,15.17,43.31,4.6,58.12,269.85,https://www.decathlon2000.com/755/usa-championships-palo-alto-2003/
Joseph Cebulski,7609,11.44,6.8,13.48,2.02,50.03,15.09,41.39,4.7,56.25,275.0,https://www.decathlon2000.com/755/usa-championships-palo-alto-2003/
Jon Ryan Harlan,7560,11.06,6.89,14.81,2.05,51.13,14.08,38.4,4.5,51.65,299.06,https://www.decathlon2000.com/755/usa-championships-palo-alto-2003/
Travis Geopfert,7406,11.12,6.74,14.19,1.84,48.95,15.78,43.29,4.1,52.86,263.51,https://www.decathlon2000.com/755/usa-championships-palo-alto-2003/
Mike Kuoppamaki,7331,11.29,7.01,12.24,1.84,50.65,15.37,42.42,4.8,54.09,287.5,https://www.decathlon2000.com/755/usa-championships-palo-alto-2003/
Nathan Schmidt,7106,11.16,6.61,12.86,1.96,50.22,14.77,36.21,4.6,42.24,293.61,https://www.decathlon2000.com/755/usa-championships-palo-alto-2003/
Chad Smith,7100,11.08,6.78,14.29,1.81,50.15,17.98,42.85,4.9,51.01,297.8,https://www.decathlon2000.com/755/usa-championships-palo-alto-2003/
Bryan Clay,8660,10.48,7.59,15.28,2.01,47.9,14.23,52.1,5.1,68.36,306.18,https://www.decathlon2000.com/761/usa-championships-sacramento-2004/
Tom Pappas,8517,10.75,7.51,15.87,2.07,48.01,14.23,46.8,5.0,60.75,287.38,https://www.decathlon2000.com/761/usa-championships-sacramento-2004/
Paul Terek,8312,10.98,7.27,15.37,2.01,48.74,15.4,49.24,5.2,54.69,264.28,https://www.decathlon2000.com/761/usa-championships-sacramento-2004/
Phil McMullen,8285,11.19,6.9,15.24,2.04,48.88,14.85,49.44,5.0,56.35,255.18,https://www.decathlon2000.com/761/usa-championships-sacramento-2004/
Stephen Moore,7917,10.73,7.39,12.82,2.04,47.26,14.89,43.04,4.8,52.0,294.9,https://www.decathlon2000.com/761/usa-championships-sacramento-2004/
Mustafa Abdur-Rahim,7844,10.88,7.05,14.99,1.92,48.88,14.7,42.45,4.3,54.66,264.35,https://www.decathlon2000.com/761/usa-championships-sacramento-2004/
Andy Giesler,7770,11.28,7.18,13.92,2.01,51.71,15.47,47.64,4.9,56.16,282.27,https://www.decathlon2000.com/761/usa-championships-sacramento-2004/
Bevan Hart,7673,11.04,7.11,13.76,1.89,49.36,15.01,41.01,4.9,51.27,277.23,https://www.decathlon2000.com/761/usa-championships-sacramento-2004/
Ryan Olkowski,7553,10.55,7.44,11.74,2.13,47.74,14.84,36.96,4.6,47.5,326.33,https://www.decathlon2000.com/761/usa-championships-sacramento-2004/
Chris Boyles,7536,11.44,6.94,13.63,2.1,51.57,15.67,43.92,4.8,62.2,312.24,https://www.decathlon2000.com/761/usa-championships-sacramento-2004/
Travis Geopfert,7526,11.11,6.94,14.52,1.86,49.14,16.17,44.9,4.4,54.09,271.04,https://www.decathlon2000.com/761/usa-championships-sacramento-2004/
Kip Janvrin,7510,11.37,6.56,13.87,1.77,49.3,15.35,41.84,4.9,57.89,268.64,https://www.decathlon2000.com/761/usa-championships-sacramento-2004/
David Lemen,7431,11.53,7.29,13.7,1.89,51.97,14.99,41.01,5.1,61.25,324.42,https://www.decathlon2000.com/761/usa-championships-sacramento-2004/
Jon Ryan Harlan,7330,11.19,6.77,14.98,2.01,50.97,14.55,37.11,4.5,58.45,331.14,https://www.decathlon2000.com/761/usa-championships-sacramento-2004/
William Pappas,7314,11.3,7.01,14.1,1.83,50.52,15.34,41.7,4.6,53.57,295.72,https://www.decathlon2000.com/761/usa-championships-sacramento-2004/
Travis Brandstatter,7260,11.47,6.77,12.71,1.95,49.55,14.97,35.5,4.3,58.01,283.15,https://www.decathlon2000.com/761/usa-championships-sacramento-2004/
Ashraf Fadel,7168,11.15,6.4,13.03,1.92,50.9,16.13,41.01,5.0,52.92,302.21,https://www.decathlon2000.com/761/usa-championships-sacramento-2004/
James Cook,7165,11.46,6.97,13.2,1.92,51.53,15.77,43.82,4.4,47.86,284.54,https://www.decathlon2000.com/761/usa-championships-sacramento-2004/
Steve Keller,7019,11.45,6.38,13.87,1.83,50.23,15.63,43.45,4.1,52.17,287.56,https://www.decathlon2000.com/761/usa-championships-sacramento-2004/
Bryan Clay,8506,10.7,7.44,14.88,2.06,49.62,14.06,55.87,5.0,60.02,297.11,https://www.decathlon2000.com/765/usa-championships-carson-2005/
Paul Terek,7976,11.17,7.05,14.97,2.0,49.05,15.21,44.22,5.2,54.05,279.92,https://www.decathlon2000.com/765/usa-championships-carson-2005/
Phil McMullen,7795,11.63,6.64,14.44,1.85,49.97,14.91,48.39,5.0,55.91,259.16,https://www.decathlon2000.com/765/usa-championships-carson-2005/
Stephen Harris,7769,11.25,7.21,12.2,2.09,48.83,14.57,40.2,4.5,55.06,272.37,https://www.decathlon2000.com/765/usa-championships-carson-2005/
Stephen Moore,7655,11.22,6.82,12.87,2.0,48.21,14.96,42.09,4.7,55.68,283.58,https://www.decathlon2000.com/765/usa-championships-carson-2005/
Mustafa Abdur-Rahim,7618,11.01,6.78,13.16,1.94,49.2,14.31,43.32,4.2,52.65,268.82,https://www.decathlon2000.com/765/usa-championships-carson-2005/
Chris Boyles,7567,11.58,6.84,14.43,2.12,51.17,15.25,40.35,4.6,60.77,294.32,https://www.decathlon2000.com/765/usa-championships-carson-2005/
Travis Geopfert,7473,11.36,6.71,14.15,1.85,48.84,15.66,44.99,4.5,49.55,263.62,https://www.decathlon2000.com/765/usa-championships-carson-2005/
Kip Janvrin,7444,11.58,6.34,13.63,1.82,49.29,15.5,42.58,4.7,58.86,261.45,https://www.decathlon2000.com/765/usa-championships-carson-2005/
Andrew Levin,7134,11.33,6.48,13.67,1.97,50.51,15.4,38.94,4.5,49.45,294.52,https://www.decathlon2000.com/765/usa-championships-carson-2005/
Tom Pappas,8319,10.88,7.47,16.53,1.96,48.68,14.32,49.78,5.1,55.68,299.5,https://www.decathlon2000.com/949/usa-championships-indianapolis-2006/
Jon Ryan Harlan,7872,11.13,6.52,16.34,2.05,50.26,14.08,42.94,4.6,63.13,301.9,https://www.decathlon2000.com/949/usa-championships-indianapolis-2006/
Robert Jacob Arnold,7827,11.23,6.83,14.27,1.99,49.48,14.67,38.78,4.9,58.61,271.04,https://www.decathlon2000.com/949/usa-championships-indianapolis-2006/
Chris Boyles,7780,11.42,7.22,14.41,2.11,50.91,15.04,42.74,4.7,59.02,292.13,https://www.decathlon2000.com/949/usa-championships-indianapolis-2006/
Paul Terek,7714,11.11,6.83,14.39,1.87,49.39,15.35,44.55,5.1,56.44,288.04,https://www.decathlon2000.com/949/usa-championships-indianapolis-2006/
Travis Geopfert,7205,11.33,6.85,14.15,1.84,49.44,16.0,41.95,4.2,49.09,274.9,https://www.decathlon2000.com/949/usa-championships-indianapolis-2006/
Tom Pappas,8352,11.0,7.5,16.43,2.05,48.81,14.12,46.34,5.0,59.7,299.69,https://www.decathlon2000.com/1114/usa-championships-indianapolis-2007/
Paul Terek,8064,11.03,7.26,15.27,2.02,48.7,14.92,42.6,5.1,52.95,279.98,https://www.decathlon2000.com/1114/usa-championships-indianapolis-2007/
Robert Jacob Arnold,7921,11.23,6.89,14.93,1.99,48.7,14.36,39.71,5.0,55.23,276.21,https://www.decathlon2000.com/1114/usa-championships-indianapolis-2007/
Jon Ryan Harlan,7883,11.35,6.77,16.58,2.08,51.01,14.16,42.95,4.6,62.18,299.17,https://www.decathlon2000.com/1114/usa-championships-indianapolis-2007/
Chris Boyles,7804,11.35,7.18,15.33,2.08,51.09,14.9,41.33,5.0,53.7,292.79,https://www.decathlon2000.com/1114/usa-championships-indianapolis-2007/
Christopher Randolph,7723,11.59,6.79,13.69,2.02,49.4,15.05,42.59,4.7,55.26,260.88,https://www.decathlon2000.com/1114/usa-championships-indianapolis-2007/
Chris Helwick,7714,11.43,6.68,13.43,1.99,50.54,15.09,40.99,4.9,62.8,269.59,https://www.decathlon2000.com/1114/usa-championships-indianapolis-2007/
Mustafa Abdur-Rahim,7640,10.84,6.93,13.85,1.81,48.32,14.14,43.06,4.1,49.8,264.4,https://www.decathlon2000.com/1114/usa-championships-indianapolis-2007/
Christopher Richardson,7542,11.28,7.04,14.72,1.9,50.39,14.76,42.29,4.2,62.89,294.23,https://www.decathlon2000.com/1114/usa-championships-indianapolis-2007/
Ryan Olkowski,7503,10.73,7.06,12.72,1.96,48.22,14.82,36.3,4.7,51.19,301.5,https://www.decathlon2000.com/1114/usa-championships-indianapolis-2007/
Michael Marsh,7424,11.11,6.91,13.89,1.9,51.06,14.56,38.25,4.5,52.63,281.05,https://www.decathlon2000.com/1114/usa-championships-indianapolis-2007/
Raven Cepeda,7194,11.4,6.45,14.37,1.87,52.22,14.65,39.35,4.9,48.58,294.81,https://www.decathlon2000.com/1114/usa-championships-indianapolis-2007/
Bryan Clay,8832,10.39,7.39,15.17,2.08,48.41,13.75,52.74,5.0,70.55,290.97,https://www.decathlon2000.com/1266/usa-championships-eugene-2008/
Trey Hardee,8534,10.43,7.75,14.07,2.02,47.99,13.71,42.41,5.0,63.69,284.79,https://www.decathlon2000.com/1266/usa-championships-eugene-2008/
Tom Pappas,8511,10.9,7.77,17.26,1.96,49.8,14.17,49.44,5.2,59.34,294.08,https://www.decathlon2000.com/1266/usa-championships-eugene-2008/
Robert Jacob Arnold,8130,11.11,6.91,14.54,1.96,48.66,14.12,46.02,5.0,57.85,271.61,https://www.decathlon2000.com/1266/usa-championships-eugene-2008/
Ashton Eaton,8122,10.61,7.49,12.28,1.96,47.07,14.26,39.69,5.1,47.28,260.56,https://www.decathlon2000.com/1266/usa-championships-eugene-2008/
Jangy Addy,8025,10.77,7.2,15.63,1.96,48.61,13.73,47.08,4.4,57.1,305.07,https://www.decathlon2000.com/1266/usa-championships-eugene-2008/
Chris Helwick,8010,11.34,6.98,13.8,1.99,50.2,15.26,44.25,4.9,67.35,261.44,https://www.decathlon2000.com/1266/usa-championships-eugene-2008/
Lysias Edmonds,7765,10.92,6.88,12.43,1.99,47.8,14.3,38.52,4.9,51.6,277.92,https://www.decathlon2000.com/1266/usa-championships-eugene-2008/
Mustafa Abdur-Rahim,7757,10.9,6.88,14.0,1.87,47.64,14.38,47.49,4.2,45.86,261.34,https://www.decathlon2000.com/1266/usa-championships-eugene-2008/
Christopher Randolph,7660,11.38,6.63,13.72,2.02,49.08,14.81,42.17,4.5,58.26,275.28,https://www.decathlon2000.com/1266/usa-championships-eugene-2008/
Joseph Detmer,7653,11.09,6.77,12.75,1.9,48.12,15.08,35.45,4.6,56.31,247.63,https://www.decathlon2000.com/1266/usa-championships-eugene-2008/
Ryan Olkowski,7633,10.85,7.04,12.57,2.08,49.46,14.75,37.59,4.8,53.03,296.8,https://www.decathlon2000.com/1266/usa-championships-eugene-2008/
Jon Ryan Harlan,7587,11.18,6.48,15.23,2.05,50.96,14.68,42.9,4.6,59.59,308.3,https://www.decathlon2000.com/1266/usa-championships-eugene-2008/
Rickey Moody,7512,11.09,7.41,15.28,2.05,52.58,14.74,43.54,4.0,54.95,309.89,https://www.decathlon2000.com/1266/usa-championships-eugene-2008/
Matt Chisam,7429,11.45,6.25,13.76,1.93,52.1,14.88,43.77,5.1,55.08,286.56,https://www.decathlon2000.com/1266/usa-championships-eugene-2008/
Christopher Richardson,7312,11.41,7.44,13.7,1.87,51.7,15.14,44.5,4.4,55.73,312.35,https://www.decathlon2000.com/1266/usa-championships-eugene-2008/
Mat Clark,7279,11.21,6.83,12.52,1.83,48.71,15.62,33.99,4.4,45.61,252.6,https://www.decathlon2000.com/1266/usa-championships-eugene-2008/
Trey Hardee,8261,10.43,7.41,14.38,1.99,48.49,13.95,44.76,5.0,64.12,316.01,https://www.decathlon2000.com/1484/usa-championships-eugene-2009/
Ashton Eaton,8075,10.53,7.6,12.63,2.05,47.99,14.03,41.33,4.5,51.46,275.45,https://www.decathlon2000.com/1484/usa-championships-eugene-2009/
Robert Jacob Arnold,7984,11.01,6.95,14.69,1.96,49.49,14.17,45.75,4.7,57.82,278.59,https://www.decathlon2000.com/1484/usa-championships-eugene-2009/
Christopher Randolph,7766,11.33,7.21,13.76,2.02,49.38,14.88,39.36,4.9,55.01,280.78,https://www.decathlon2000.com/1484/usa-championships-eugene-2009/
Paul Terek,7689,11.13,6.57,14.75,1.96,50.62,15.42,44.61,5.0,56.11,281.64,https://www.decathlon2000.com/1484/usa-championships-eugene-2009/
Lysias Edmonds,7650,11.0,7.07,11.81,1.93,48.39,14.63,36.77,5.0,54.59,281.21,https://www.decathlon2000.com/1484/usa-championships-eugene-2009/
Nicholas Adcock,7588,11.18,6.89,13.92,1.87,49.46,14.16,36.75,4.5,60.22,280.81,https://www.decathlon2000.com/1484/usa-championships-eugene-2009/
Michael Marsh,7534,10.96,6.65,13.66,1.9,50.38,14.55,39.5,4.9,53.52,287.63,https://www.decathlon2000.com/1484/usa-championships-eugene-2009/
Matt Chisam,7385,11.48,6.42,13.94,1.9,52.34,14.6,42.15,5.0,53.37,285.78,https://www.decathlon2000.com/1484/usa-championships-eugene-2009/
Daniel Keller,7327,11.59,6.8,13.02,2.02,51.31,15.22,38.27,5.0,49.7,287.26,https://www.decathlon2000.com/1484/usa-championships-eugene-2009/
Daniel Kinsey,7178,11.87,6.6,14.48,1.9,54.7,15.57,48.75,4.6,57.43,295.95,https://www.decathlon2000.com/1484/usa-championships-eugene-2009/
Robert Jacob Arnold,8215,11.08,6.89,14.39,2.02,49.22,14.06,49.14,5.0,60.85,280.21,https://www.decathlon2000.com/1542/usa-championships-des-moines-2010/
Tom Pappas,8101,11.01,7.26,16.87,2.05,51.6,14.43,48.63,4.9,59.64,312.01,https://www.decathlon2000.com/1542/usa-championships-des-moines-2010/
Joseph Detmer,8009,10.8,7.33,12.37,1.99,47.78,14.88,38.41,4.7,53.94,246.63,https://www.decathlon2000.com/1542/usa-championships-des-moines-2010/
Miller Moss,7614,10.81,7.16,12.63,1.99,47.9,14.56,35.62,4.4,51.7,279.66,https://www.decathlon2000.com/1542/usa-championships-des-moines-2010/
Trinity Otto,7592,10.73,7.4,13.69,1.93,48.79,14.57,38.6,4.3,51.28,294.42,https://www.decathlon2000.com/1542/usa-championships-des-moines-2010/
Nicholas Adcock,7579,11.13,6.88,13.33,1.96,49.01,14.2,37.76,4.6,52.56,282.86,https://www.decathlon2000.com/1542/usa-championships-des-moines-2010/
Mark Jellison,7485,11.26,7.29,13.93,1.99,52.25,14.51,38.05,4.6,51.48,288.12,https://www.decathlon2000.com/1542/usa-championships-des-moines-2010/
Nicholas Trubachick,7434,11.2,6.85,13.84,1.93,51.31,15.05,40.86,4.3,58.78,280.31,https://www.decathlon2000.com/1542/usa-championships-des-moines-2010/
Daniel Keller,7428,11.51,6.74,13.02,1.99,51.21,14.98,40.45,4.8,54.17,280.57,https://www.decathlon2000.com/1542/usa-championships-des-moines-2010/
Mat Clark,7355,11.04,7.21,12.7,1.99,49.2,16.16,43.0,4.1,53.74,290.75,https://www.decathlon2000.com/1542/usa-championships-des-moines-2010/
Ashton Eaton,8729,10.33,7.8,14.14,2.05,46.35,13.52,41.58,5.05,56.19,264.1,https://www.decathlon2000.com/3203/usa-championships-eugene-2011/
Jon Ryan Harlan,8011,11.17,6.66,16.51,2.05,52.04,14.48,46.37,4.95,65.1,296.44,https://www.decathlon2000.com/3203/usa-championships-eugene-2011/
Miller Moss,7878,10.92,7.11,13.7,1.99,48.06,14.21,39.05,4.85,49.45,275.04,https://www.decathlon2000.com/3203/usa-championships-eugene-2011/
Chris Helwick,7736,11.42,6.88,13.32,1.96,51.19,15.36,44.89,4.85,62.7,269.0,https://www.decathlon2000.com/3203/usa-championships-eugene-2011/
Christopher Randolph,7606,11.44,6.78,14.05,1.93,50.97,14.96,45.65,4.55,60.03,278.35,https://www.decathlon2000.com/3203/usa-championships-eugene-2011/
Mark Jellison,7576,11.31,7.46,13.56,2.05,52.68,14.66,40.71,4.55,51.92,284.9,https://www.decathlon2000.com/3203/usa-championships-eugene-2011/
Curtis Beach,7573,10.9,7.31,10.86,1.96,48.62,14.83,34.28,4.55,48.22,252.54,https://www.decathlon2000.com/3203/usa-championships-eugene-2011/
Nicholas Adcock,7569,11.4,7.02,13.9,1.96,49.31,14.59,42.03,4.35,53.6,280.6,https://www.decathlon2000.com/3203/usa-championships-eugene-2011/
Matthew Johnson,7447,10.93,7.19,12.9,1.84,50.14,14.74,43.11,4.45,55.91,301.53,https://www.decathlon2000.com/3203/usa-championships-eugene-2011/
Eric Broadbent,7338,10.9,7.21,12.79,2.14,49.46,14.55,33.26,4.25,42.6,299.8,https://www.decathlon2000.com/3203/usa-championships-eugene-2011/
Nicholas Huber,7273,11.32,6.51,13.58,1.96,50.43,14.93,39.82,4.45,45.83,273.02,https://www.decathlon2000.com/3203/usa-championships-eugene-2011/
Ashton Eaton®,9039,10.21,8.23,14.2,2.05,46.7,13.7,42.81,5.3,58.87,254.48,https://www.decathlon2000.com/3205/usa-championships-eugene-2012/
Trey Hardee,8383,10.5,7.55,15.72,1.99,49.11,13.71,49.05,5.0,57.0,308.67,https://www.decathlon2000.com/3205/usa-championships-eugene-2012/
Gary Horn,7954,10.93,7.6,13.49,1.96,50.66,14.41,38.34,5.0,56.31,273.02,https://www.decathlon2000.com/3205/usa-championships-eugene-2012/
Joseph Detmer,7931,10.97,7.38,13.18,1.9,49.14,14.92,40.3,4.9,54.39,254.77,https://www.decathlon2000.com/3205/usa-championships-eugene-2012/
Chris Helwick,7744,11.49,6.78,14.25,1.93,51.97,15.3,43.61,4.9,68.37,273.85,https://www.decathlon2000.com/3205/usa-championships-eugene-2012/
Jon Ryan Harlan,7715,11.26,6.74,15.48,2.02,50.78,14.43,44.7,4.8,60.73,318.2,https://www.decathlon2000.com/3205/usa-championships-eugene-2012/
Miller Moss,7712,10.85,6.91,14.03,1.87,49.62,14.91,44.76,4.7,53.22,276.84,https://www.decathlon2000.com/3205/usa-championships-eugene-2012/
Kevin Lazas,7660,11.1,7.44,13.95,1.93,51.44,15.25,38.79,5.0,54.73,283.39,https://www.decathlon2000.com/3205/usa-championships-eugene-2012/
Christopher Randolph,7468,11.39,6.69,13.22,1.9,50.4,15.28,45.33,4.6,60.81,288.09,https://www.decathlon2000.com/3205/usa-championships-eugene-2012/
Isaac Murphy,7368,10.77,6.99,13.04,1.81,50.45,14.92,43.51,4.6,46.3,288.74,https://www.decathlon2000.com/3205/usa-championships-eugene-2012/
Ashton Eaton,8291,10.48,7.59,15.0,1.9,46.89,14.68,43.99,4.6,60.36,274.15,https://www.decathlon2000.com/3229/usa-championships-des-moines-2013/
Gunnar Nixon,8198,10.8,7.62,14.12,2.17,48.63,14.59,40.32,4.3,60.44,271.95,https://www.decathlon2000.com/3229/usa-championships-des-moines-2013/
Jeremy Taiwo,7925,10.98,6.86,13.47,2.08,48.3,14.33,39.58,4.6,52.24,260.29,https://www.decathlon2000.com/3229/usa-championships-des-moines-2013/
Gary Horn,7918,10.76,7.44,13.67,1.99,49.58,14.43,39.26,5.0,50.43,281.35,https://www.decathlon2000.com/3229/usa-championships-des-moines-2013/
Wesley Bray,7632,11.08,6.51,13.57,1.9,49.62,15.11,41.42,4.7,59.19,266.57,https://www.decathlon2000.com/3229/usa-championships-des-moines-2013/
Robert Jacob Arnold,7580,11.12,6.4,13.84,1.96,50.29,14.37,44.31,4.9,54.82,299.34,https://www.decathlon2000.com/3229/usa-championships-des-moines-2013/
Austin Bahner,7574,10.84,7.17,12.94,1.87,49.11,15.78,43.66,4.4,58.53,281.32,https://www.decathlon2000.com/3229/usa-championships-des-moines-2013/
Daniel Gooris,7553,11.45,6.54,13.29,1.93,50.57,15.18,42.54,4.9,53.09,260.08,https://www.decathlon2000.com/3229/usa-championships-des-moines-2013/
Miller Moss,7490,10.79,6.82,14.07,1.93,48.09,14.75,46.08,4.6,34.04,290.12,https://www.decathlon2000.com/3229/usa-championships-des-moines-2013/
Dakotah Keys,7486,11.18,6.69,12.58,1.96,50.59,15.17,36.59,4.7,61.91,274.35,https://www.decathlon2000.com/3229/usa-championships-des-moines-2013/
Corbin Duer,7424,11.49,6.87,12.04,2.05,50.54,15.24,41.47,4.6,54.7,281.05,https://www.decathlon2000.com/3229/usa-championships-des-moines-2013/
Isaac Murphy,7214,10.65,6.62,12.73,1.81,48.37,14.77,38.84,4.5,48.43,305.83,https://www.decathlon2000.com/3229/usa-championships-des-moines-2013/
Trey Hardee,8599,10.38,7.22,15.38,2.05,48.02,13.69,50.65,5.0,56.91,283.63,https://www.decathlon2000.com/3505/usa-championships-sacramento-2014/
Wesley Bray,7807,11.0,7.26,13.67,1.96,49.73,15.08,40.98,4.6,57.54,268.68,https://www.decathlon2000.com/3505/usa-championships-sacramento-2014/
Thomas FitzSimons,7645,11.19,6.84,11.98,1.93,49.02,15.19,39.47,4.6,61.2,259.01,https://www.decathlon2000.com/3505/usa-championships-sacramento-2014/
Zach Ziemek,7609,10.74,7.51,12.08,1.93,50.13,15.27,42.77,4.7,54.69,296.92,https://www.decathlon2000.com/3505/usa-championships-sacramento-2014/
Chase Dalton,7592,11.23,6.98,12.43,1.93,50.28,15.38,44.06,4.6,60.69,275.69,https://www.decathlon2000.com/3505/usa-championships-sacramento-2014/
Patrick Smith,7567,10.87,7.1,12.56,1.93,49.14,15.0,39.89,4.4,53.73,274.26,https://www.decathlon2000.com/3505/usa-championships-sacramento-2014/
Austin Bahner,7512,10.87,6.93,12.95,1.87,49.78,15.93,44.99,4.7,55.02,283.41,https://www.decathlon2000.com/3505/usa-championships-sacramento-2014/
Devin Dick,7434,11.22,7.32,15.3,1.93,49.85,14.86,31.14,4.5,50.36,284.33,https://www.decathlon2000.com/3505/usa-championships-sacramento-2014/
Derek Masterson,7423,11.55,6.66,13.83,1.87,50.86,15.33,44.24,4.7,59.3,283.31,https://www.decathlon2000.com/3505/usa-championships-sacramento-2014/
Kurtis Brondyke,7416,11.16,6.86,13.51,1.96,50.58,15.16,41.8,4.1,58.09,281.3,https://www.decathlon2000.com/3505/usa-championships-sacramento-2014/
Clayton Chaney,7253,10.97,6.89,14.1,1.93,49.83,14.82,39.66,4.2,50.68,310.39,https://www.decathlon2000.com/3505/usa-championships-sacramento-2014/
Trey Hardee,8725,10.48,7.61,14.55,1.97,48.41,13.71,52.05,5.35,61.92,285.77,https://www.decathlon2000.com/3842/usa-championships-eugene-2015/
Jeremy Taiwo,8264,10.89,7.54,14.93,2.12,47.83,14.4,41.15,4.95,48.11,269.27,https://www.decathlon2000.com/3842/usa-championships-eugene-2015/
Zach Ziemek,8107,10.57,7.71,14.77,2.06,51.31,14.78,37.27,5.45,55.43,298.93,https://www.decathlon2000.com/3842/usa-championships-eugene-2015/
Thomas FitzSimons,7685,11.12,7.07,12.74,1.94,50.03,14.95,40.39,4.65,54.08,257.75,https://www.decathlon2000.com/3842/usa-championships-eugene-2015/
Michael Morgan,7555,10.86,7.26,12.86,1.97,50.4,14.56,42.0,4.55,45.0,283.6,https://www.decathlon2000.com/3842/usa-championships-eugene-2015/
Mitch Modin,7481,10.83,7.08,12.46,1.94,49.09,14.92,35.87,4.65,52.16,285.89,https://www.decathlon2000.com/3842/usa-championships-eugene-2015/
Kurtis Brondyke,7475,11.24,6.72,14.44,1.94,52.01,14.89,43.12,4.35,61.72,289.86,https://www.decathlon2000.com/3842/usa-championships-eugene-2015/
Solomon Simmons,7466,10.8,6.79,14.64,1.85,50.37,14.7,40.71,4.15,58.32,289.23,https://www.decathlon2000.com/3842/usa-championships-eugene-2015/
Derek Masterson,7221,11.62,6.49,14.82,1.82,52.66,15.29,41.05,4.85,58.69,293.94,https://www.decathlon2000.com/3842/usa-championships-eugene-2015/
Ashton Eaton,8750,10.34,7.84,14.04,2.0,46.3,13.6,41.39,5.25,57.84,265.15,https://www.decathlon2000.com/3916/usa-championships-eugene-2016/
Jeremy Taiwo,8425,10.94,7.55,14.88,2.21,48.76,14.22,42.1,4.75,52.82,257.35,https://www.decathlon2000.com/3916/usa-championships-eugene-2016/
Zach Ziemek,8413,10.6,7.72,14.11,2.09,49.3,14.94,48.17,5.25,57.24,288.21,https://www.decathlon2000.com/3916/usa-championships-eugene-2016/
Garrett Scantling,8228,10.86,7.24,15.97,2.06,51.04,14.13,43.76,4.85,69.37,302.32,https://www.decathlon2000.com/3916/usa-championships-eugene-2016/
Devon Williams,7927,10.65,7.72,12.92,1.97,49.48,13.98,45.44,4.45,50.0,287.88,https://www.decathlon2000.com/3916/usa-championships-eugene-2016/
Solomon Simmons,7829,10.79,6.86,14.91,1.88,49.44,14.18,45.45,4.45,57.83,286.37,https://www.decathlon2000.com/3916/usa-championships-eugene-2016/
Mitch Modin,7785,10.87,7.42,13.92,1.97,49.67,14.55,38.1,4.75,57.87,296.49,https://www.decathlon2000.com/3916/usa-championships-eugene-2016/
Austin Bahner,7776,10.84,7.38,13.86,1.88,49.87,15.52,45.49,4.85,54.59,284.93,https://www.decathlon2000.com/3916/usa-championships-eugene-2016/
Curtis Beach,7728,10.75,7.33,12.61,1.88,48.23,14.95,36.85,4.65,47.65,252.13,https://www.decathlon2000.com/3916/usa-championships-eugene-2016/
Scott Filip,7680,10.75,7.37,13.52,2.0,49.08,15.0,39.58,4.55,47.96,283.08,https://www.decathlon2000.com/3916/usa-championships-eugene-2016/
Kurtis Brondyke,7614,11.06,6.74,15.35,1.94,51.26,14.81,47.91,4.25,58.21,293.46,https://www.decathlon2000.com/3916/usa-championships-eugene-2016/
Steven Bastien,7599,10.7,7.65,12.36,1.97,49.15,14.83,42.58,4.65,48.83,314.77,https://www.decathlon2000.com/3916/usa-championships-eugene-2016/
Kale Wolken,7576,11.16,7.23,13.03,1.91,50.18,15.15,40.6,4.75,57.44,285.92,https://www.decathlon2000.com/3916/usa-championships-eugene-2016/
Thomas FitzSimons,7392,11.26,6.64,13.12,1.85,50.17,15.25,38.87,4.55,56.15,263.16,https://www.decathlon2000.com/3916/usa-championships-eugene-2016/
Trey Hardee,8225,10.57,7.43,14.91,1.98,49.02,13.97,48.04,4.9,60.3,312.65,https://www.decathlon2000.com/3952/usa-championships-sacramento-2017/
Zach Ziemek,8155,10.69,7.69,13.57,2.04,50.2,14.84,42.3,5.3,56.01,287.61,https://www.decathlon2000.com/3952/usa-championships-sacramento-2017/
Devon Williams,8131,10.5,7.74,14.3,1.92,48.75,13.61,45.63,4.8,52.56,305.44,https://www.decathlon2000.com/3952/usa-championships-sacramento-2017/
Steven Bastien,7836,10.71,7.27,13.54,1.92,48.52,14.82,39.55,4.7,55.6,276.88,https://www.decathlon2000.com/3952/usa-championships-sacramento-2017/
Kurtis Brondyke,7746,11.12,7.06,15.45,1.92,51.44,14.8,44.28,4.7,62.2,298.12,https://www.decathlon2000.com/3952/usa-championships-sacramento-2017/
Dan Golubovic,7717,11.25,6.71,13.16,1.98,50.88,14.95,44.87,4.8,61.44,276.86,https://www.decathlon2000.com/3952/usa-championships-sacramento-2017/
Gabriel Moore,7699,10.96,6.97,13.54,1.92,49.09,15.03,46.5,4.6,54.96,286.83,https://www.decathlon2000.com/3952/usa-championships-sacramento-2017/
Steele Wasik,7667,10.96,6.91,13.84,1.98,49.94,14.29,40.73,4.4,56.0,283.35,https://www.decathlon2000.com/3952/usa-championships-sacramento-2017/
Timothy Wunderlich,7502,11.42,6.75,14.03,1.89,52.26,15.26,43.99,4.5,66.69,282.15,https://www.decathlon2000.com/3952/usa-championships-sacramento-2017/
Thomas FitzSimons,7494,11.2,6.7,12.79,1.92,49.87,15.2,39.84,4.6,54.88,263.05,https://www.decathlon2000.com/3952/usa-championships-sacramento-2017/
Zach Ziemek,8294,10.65,7.23,13.92,2.02,49.99,14.63,50.9,5.35,56.54,287.38,https://www.decathlon2000.com/4030/usa-championships-des-moines-2018/
Solomon Simmons,8019,10.67,7.25,14.3,1.87,49.22,14.32,45.78,4.65,60.94,284.54,https://www.decathlon2000.com/4030/usa-championships-des-moines-2018/
Harrison Williams,7878,10.84,7.12,12.79,1.96,48.16,14.13,40.62,4.95,51.71,281.17,https://www.decathlon2000.com/4030/usa-championships-des-moines-2018/
Dan Golubovic,7702,11.16,6.65,13.65,1.87,50.2,14.62,43.39,4.95,59.99,276.3,https://www.decathlon2000.com/4030/usa-championships-des-moines-2018/
Markus Ballengee,7511,11.19,6.48,13.38,1.99,50.36,14.64,43.98,4.85,45.64,278.84,https://www.decathlon2000.com/4030/usa-championships-des-moines-2018/
Timothy Wunderlich,7289,11.67,6.65,13.66,1.87,53.35,15.46,43.25,4.75,62.06,285.03,https://www.decathlon2000.com/4030/usa-championships-des-moines-2018/
Derek Jacobus,7217,11.02,7.13,12.6,1.9,49.96,15.99,37.06,4.25,51.55,276.33,https://www.decathlon2000.com/4030/usa-championships-des-moines-2018/
Trent Nytes,7208,11.09,6.86,13.33,2.02,50.64,15.11,38.12,4.25,50.07,301.31,https://www.decathlon2000.com/4030/usa-championships-des-moines-2018/
Devon Williams,8295,10.72,7.36,14.11,1.91,48.44,13.78,49.47,5.0,60.74,292.46,https://www.decathlon2000.com/4062/usa-championships-des-moines-2019/
Solomon Simmons,8227,10.6,7.5,15.11,1.94,49.27,14.02,44.88,4.9,51.42,273.85,https://www.decathlon2000.com/4062/usa-championships-des-moines-2019/
Harrison Williams,8188,10.68,7.16,13.8,1.94,47.6,14.15,42.64,5.3,49.77,269.71,https://www.decathlon2000.com/4062/usa-championships-des-moines-2019/
Steven Bastien,8023,10.71,7.49,13.3,2.0,48.63,14.53,39.17,4.7,57.23,272.74,https://www.decathlon2000.com/4062/usa-championships-des-moines-2019/
Scott Filip,7993,10.61,7.43,13.93,1.94,47.96,14.51,38.13,4.8,58.48,286.36,https://www.decathlon2000.com/4062/usa-championships-des-moines-2019/
Dan Golubovic,7824,11.24,6.93,14.13,1.97,50.93,14.51,43.09,4.7,61.59,274.35,https://www.decathlon2000.com/4062/usa-championships-des-moines-2019/
Kurtis Brondyke,7785,11.11,7.18,14.53,1.91,50.1,14.64,43.41,4.6,62.02,291.03,https://www.decathlon2000.com/4062/usa-championships-des-moines-2019/
Jack Flood,7711,11.07,6.79,13.53,2.06,50.26,14.04,41.22,4.5,52.09,276.5,https://www.decathlon2000.com/4062/usa-championships-des-moines-2019/
Garrett Scantling,8647,10.53,7.61,15.91,2.05,48.86,13.88,48.17,5.15,64.21,297.75,https://www.decathlon2000.com/4111/usa-championships-eugene-2021/
Steven Bastien,8485,10.52,7.2,14.47,2.08,47.79,14.24,42.1,4.95,61.2,262.21,https://www.decathlon2000.com/4111/usa-championships-eugene-2021/
Zach Ziemek,8471,10.7,7.74,14.79,2.14,50.89,15.04,45.83,5.55,55.72,280.69,https://www.decathlon2000.com/4111/usa-championships-eugene-2021/
Harrison Williams,8306,10.79,7.55,14.24,1.99,48.21,14.37,43.9,5.25,52.69,272.49,https://www.decathlon2000.com/4111/usa-championships-eugene-2021/
Joe Delgado,8161,10.73,7.34,14.1,1.96,48.48,14.96,43.92,4.75,58.69,260.93,https://www.decathlon2000.com/4111/usa-championships-eugene-2021/
Kyle Garland,8140,10.79,7.65,15.79,2.17,51.58,14.54,43.97,4.65,56.19,296.72,https://www.decathlon2000.com/4111/usa-championships-eugene-2021/
Markus Ballengee,8097,11.21,6.86,15.26,1.96,50.02,14.49,53.04,5.05,54.78,279.55,https://www.decathlon2000.com/4111/usa-championships-eugene-2021/
Solomon Simmons,8037,10.98,7.56,15.0,1.9,49.95,14.37,41.54,4.65,63.26,278.9,https://www.decathlon2000.com/4111/usa-championships-eugene-2021/
Jack Flood,8036,11.18,7.32,14.29,2.11,50.54,14.08,42.89,4.55,58.51,276.23,https://www.decathlon2000.com/4111/usa-championships-eugene-2021/
Samuel Black,7899,10.82,7.26,14.21,2.08,48.05,14.64,38.88,4.25,55.19,275.92,https://www.decathlon2000.com/4111/usa-championships-eugene-2021/
Tim Ehrhardt,7772,10.99,7.17,12.74,2.02,48.62,15.74,40.24,5.45,45.62,277.4,https://www.decathlon2000.com/4111/usa-championships-eugene-2021/
Garrett Scantling,8867,10.68,7.68,16.12,2.04,48.38,13.59,51.04,5.15,67.16,286.37,https://www.decathlon2000.com/4326/usa-championships-2022-fayetteville-2022/
Kyle Garland,8720,10.63,7.86,16.44,2.16,49.04,13.71,46.16,4.85,59.63,283.21,https://www.decathlon2000.com/4326/usa-championships-2022-fayetteville-2022/
Zach Ziemek,8573,10.56,7.62,14.97,2.1,50.44,14.71,51.64,5.15,60.1,279.6,https://www.decathlon2000.com/4326/usa-championships-2022-fayetteville-2022/
Steven Bastien,8135,10.76,7.67,13.61,2.01,47.44,14.49,37.41,4.95,52.83,270.75,https://www.decathlon2000.com/4326/usa-championships-2022-fayetteville-2022/
Hunter Price,7897,10.81,7.43,13.44,2.07,48.96,14.35,37.4,4.45,56.34,280.0,https://www.decathlon2000.com/4326/usa-championships-2022-fayetteville-2022/
Dylan Cooper,7876,11.2,7.04,14.29,1.98,51.4,14.43,46.46,4.45,61.32,271.71,https://www.decathlon2000.com/4326/usa-championships-2022-fayetteville-2022/
Jack Flood,7759,11.0,6.9,12.95,2.04,49.99,13.86,40.28,4.65,57.95,290.53,https://www.decathlon2000.com/4326/usa-championships-2022-fayetteville-2022/
Jackson Walker,7295,11.34,6.31,12.77,1.86,50.36,15.14,42.6,4.55,57.34,276.93,https://www.decathlon2000.com/4326/usa-championships-2022-fayetteville-2022/
William Eggers,7030,11.06,6.77,11.36,1.83,49.56,15.66,39.07,4.15,56.17,291.52,https://www.decathlon2000.com/4326/usa-championships-2022-fayetteville-2022/
Harrison Williams,8630,10.65,7.48,15.33,1.99,46.35,14.22,47.26,5.2,59.07,275.3,https://www.decathlon2000.com/4358/usa-championships-eugene-2023/
Zach Ziemek,8508,10.75,7.51,15.72,2.05,49.63,14.65,49.23,5.3,61.28,288.04,https://www.decathlon2000.com/4358/usa-championships-eugene-2023/
Austin West,8331,10.52,7.35,14.31,2.02,46.31,14.22,42.45,4.3,59.65,260.98,https://www.decathlon2000.com/4358/usa-championships-eugene-2023/
Kyle Garland,8198,10.72,7.21,16.1,2.08,49.66,14.05,45.23,4.6,58.61,293.38,https://www.decathlon2000.com/4358/usa-championships-eugene-2023/
Devon Williams,8026,10.8,7.27,14.75,1.93,48.69,13.91,45.18,4.5,54.79,280.88,https://www.decathlon2000.com/4358/usa-championships-eugene-2023/
Heath Baldwin,8024,11.09,6.92,15.24,2.02,50.22,14.21,42.67,4.6,65.32,279.55,https://www.decathlon2000.com/4358/usa-championships-eugene-2023/
Joe Delgado,7994,10.73,7.11,15.03,1.93,48.79,14.91,43.61,4.6,55.49,266.03,https://www.decathlon2000.com/4358/usa-championships-eugene-2023/
Samuel Black,7946,10.77,7.09,14.95,2.08,49.41,14.52,41.54,4.3,57.57,279.3,https://www.decathlon2000.com/4358/usa-championships-eugene-2023/
Denim Rogers,7919,10.54,6.94,13.2,1.99,47.76,13.86,42.17,4.6,51.19,282.96,https://www.decathlon2000.com/4358/usa-championships-eugene-2023/
Ryan Talbot,7532,10.76,6.48,13.68,1.84,48.07,14.88,44.77,4.2,56.62,282.9,https://www.decathlon2000.com/4358/usa-championships-eugene-2023/
Daniel Spejcher,7467,11.07,6.77,15.13,1.9,51.57,15.01,45.42,4.4,53.64,291.54,https://www.decathlon2000.com/4358/usa-championships-eugene-2023/
Heath Baldwin,8625,10.85,7.46,16.52,2.13,48.58,13.77,43.67,4.85,66.69,281.87,https://www.decathlon2000.com/4504/usa-championships-eugene-2024/
Zach Ziemek,8516,10.46,7.47,15.83,2.1,49.72,14.81,49.87,5.35,56.24,293.65,https://www.decathlon2000.com/4504/usa-championships-eugene-2024/
Harrison Williams,8384,10.74,7.45,14.81,1.86,46.56,13.94,45.0,5.05,59.39,276.6,https://www.decathlon2000.com/4504/usa-championships-eugene-2024/
Devon Williams,8211,10.74,7.56,14.72,1.95,48.42,13.93,48.38,4.55,57.87,289.68,https://www.decathlon2000.com/4504/usa-championships-eugene-2024/
Jack Flood,8178,11.28,7.07,14.5,2.1,50.03,14.16,48.63,4.75,61.67,278.79,https://www.decathlon2000.com/4504/usa-championships-eugene-2024/
Austin West,8018,10.78,7.33,15.09,1.92,46.91,14.59,44.04,4.25,59.36,282.83,https://www.decathlon2000.com/4504/usa-championships-eugene-2024/
Samuel Black,7952,10.71,7.19,14.83,2.07,48.78,14.69,41.86,4.45,53.5,281.34,https://www.decathlon2000.com/4504/usa-championships-eugene-2024/
Ryan Talbot,7872,10.7,6.5,14.17,1.86,47.21,14.75,49.13,4.75,52.99,279.86,https://www.decathlon2000.com/4504/usa-championships-eugene-2024/
Joe Delgado,7816,10.83,7.09,13.91,1.92,48.74,15.07,43.51,4.65,53.51,271.92,https://www.decathlon2000.com/4504/usa-championships-eugene-2024/
Hunter Jones,7706,11.24,6.99,13.83,2.1,50.51,14.34,40.97,4.75,54.21,296.25,https://www.decathlon2000.com/4504/usa-championships-eugene-2024/
Daniel Spejcher,7654,11.11,6.97,15.26,1.89,50.0,14.46,45.18,4.65,51.24,295.37,https://www.decathlon2000.com/4504/usa-championships-eugene-2024/
Peyton Bair,7592,10.52,7.12,13.31,1.92,46.89,15.35,36.13,4.75,49.36,294.44,https://www.decathlon2000.com/4504/usa-championships-eugene-2024/
Kyle Garland,8869,10.44,7.89,16.95,2.14,49.29,13.78,50.93,4.8,65.52,294.5,https://www.decathlon2000.com/4614/usa-championships-eugene-2025/
Heath Baldwin,8407,10.94,7.26,15.21,2.14,48.39,14.07,45.11,4.7,61.72,274.88,https://www.decathlon2000.com/4614/usa-championships-eugene-2025/
Harrison Williams,8223,10.76,6.94,15.46,1.96,47.06,14.73,46.47,5.0,53.66,271.22,https://www.decathlon2000.com/4614/usa-championships-eugene-2025/
Austin West,8162,10.74,7.5,14.21,1.99,46.9,14.93,44.37,4.2,64.77,274.62,https://www.decathlon2000.com/4614/usa-championships-eugene-2025/
Marcus Weaver,7831,11.35,6.75,14.18,2.08,50.37,14.68,44.56,4.3,64.46,273.3,https://www.decathlon2000.com/4614/usa-championships-eugene-2025/
Bradley Thomas,7742,11.03,6.88,13.51,1.93,48.47,15.37,43.36,4.2,64.11,266.46,https://www.decathlon2000.com/4614/usa-championships-eugene-2025/
Carter Morton,7679,11.03,7.23,12.12,2.11,50.24,14.95,38.45,4.9,51.49,284.47,https://www.decathlon2000.com/4614/usa-championships-eugene-2025/
Lee Walburn,7525,11.03,5.94,15.28,1.84,49.5,15.14,50.71,4.6,56.9,294.46,https://www.decathlon2000.com/4614/usa-championships-eugene-2025/
Kyle Sieracki,7472,10.97,6.49,13.58,1.78,48.93,14.66,40.16,4.7,59.97,290.23,https://www.decathlon2000.com/4614/usa-championships-eugene-2025/
